{"cameraMode":{"drawMode":0,"name":"Shaded","section":"Shading Mode"},"sceneLighting":false,"audioPlay":false,"sceneViewState":{"showFog":true,"showMaterialUpdate":false,"showSkybox":true,"showFlares":true,"showImageEffects":true,"showParticleSystems":true},"in2DMode":false,"pivot":{"x":-0.37897491455078127,"y":1.0322279930114747,"z":-0.5001211166381836},"rotation":{"x":0.21016190946102143,"y":-0.22606071829795838,"z":0.050373636186122897,"w":0.9499596953392029},"size":8.635444641113282,"orthographic":false}