{"cameraMode":{"drawMode":0,"name":"Shaded","section":"Shading Mode"},"sceneLighting":false,"audioPlay":false,"sceneViewState":{"showFog":true,"showMaterialUpdate":false,"showSkybox":true,"showFlares":true,"showImageEffects":true,"showParticleSystems":true},"in2DMode":false,"pivot":{"x":7.8004913330078129,"y":27.749998092651368,"z":16.80000114440918},"rotation":{"x":0.07209756225347519,"y":-0.5573728084564209,"z":0.04906423017382622,"w":0.8258401155471802},"size":211.25238037109376,"orthographic":false}