{"cameraMode":{"drawMode":0,"name":"Shaded","section":"Shading Mode"},"sceneLighting":false,"audioPlay":false,"sceneViewState":{"showFog":true,"showMaterialUpdate":false,"showSkybox":true,"showFlares":true,"showImageEffects":true,"showParticleSystems":true},"in2DMode":false,"pivot":{"x":11.280204772949219,"y":1.8817253112792969,"z":2.5931711196899416},"rotation":{"x":0.1494866907596588,"y":-0.6863690614700317,"z":0.14785648882389069,"w":0.6964002847671509},"size":19.048133850097658,"orthographic":false}