{"cameraMode":{"drawMode":0,"name":"Shaded","section":"Shading Mode"},"sceneLighting":false,"audioPlay":false,"sceneViewState":{"showFog":true,"showMaterialUpdate":false,"showSkybox":true,"showFlares":true,"showImageEffects":true,"showParticleSystems":true},"in2DMode":false,"pivot":{"x":84.1727523803711,"y":87.4307861328125,"z":13.03704833984375},"rotation":{"x":0.17344160377979279,"y":-0.005552043206989765,"z":0.0013511013239622117,"w":0.9849481582641602},"size":417.26959228515627,"orthographic":false}