{"cameraMode":{"drawMode":0,"name":"Shaded","section":"Shading Mode"},"sceneLighting":false,"audioPlay":false,"sceneViewState":{"showFog":true,"showMaterialUpdate":false,"showSkybox":true,"showFlares":true,"showImageEffects":true,"showParticleSystems":true},"in2DMode":false,"pivot":{"x":14.274492263793946,"y":7.052064895629883,"z":3.7254929542541506},"rotation":{"x":0.03709845989942551,"y":-0.725188672542572,"z":0.039636243134737018,"w":0.6866187453269959},"size":16.938865661621095,"orthographic":false}