{"cameraMode":{"drawMode":0,"name":"Shaded","section":"Shading Mode"},"sceneLighting":true,"audioPlay":false,"sceneViewState":{"showFog":true,"showMaterialUpdate":false,"showSkybox":true,"showFlares":true,"showImageEffects":true,"showParticleSystems":true},"in2DMode":false,"pivot":{"x":1.0113162994384766,"y":4.451655387878418,"z":-8.787322044372559},"rotation":{"x":0.14646266400814057,"y":-0.4898712635040283,"z":0.08430328220129013,"w":0.8552589416503906},"size":20.903785705566408,"orthographic":false}