{"cameraMode":{"drawMode":0,"name":"Shaded","section":"Shading Mode"},"sceneLighting":false,"audioPlay":false,"sceneViewState":{"showFog":true,"showMaterialUpdate":false,"showSkybox":true,"showFlares":true,"showImageEffects":true,"showParticleSystems":true},"in2DMode":false,"pivot":{"x":-0.43996596336364748,"y":3.912963390350342,"z":-12.848467826843262},"rotation":{"x":-0.0946178212761879,"y":-0.0325654074549675,"z":0.00317651336081326,"w":-0.9950337409973145},"size":12.181299209594727,"orthographic":false}