{"cameraMode":{"drawMode":0,"name":"Shaded","section":"Shading Mode"},"sceneLighting":false,"audioPlay":false,"sceneViewState":{"showFog":true,"showMaterialUpdate":false,"showSkybox":true,"showFlares":true,"showImageEffects":true,"showParticleSystems":true},"in2DMode":false,"pivot":{"x":40.566001892089847,"y":25.608842849731447,"z":-6.8859028816223148},"rotation":{"x":0.14726534485816956,"y":-0.624637246131897,"z":0.12186699360609055,"w":0.7573484778404236},"size":0.4610351324081421,"orthographic":false}