{"cameraMode":{"drawMode":0,"name":"Shaded","section":"Shading Mode"},"sceneLighting":false,"audioPlay":false,"sceneViewState":{"showFog":true,"showMaterialUpdate":false,"showSkybox":true,"showFlares":true,"showImageEffects":true,"showParticleSystems":true},"in2DMode":false,"pivot":{"x":23.364990234375,"y":33.49885559082031,"z":58.13562774658203},"rotation":{"x":0.07209756225347519,"y":-0.5573728084564209,"z":0.04906423017382622,"w":0.8258401155471802},"size":211.25010681152345,"orthographic":false}