{"cameraMode":{"drawMode":0,"name":"Shaded","section":"Shading Mode"},"sceneLighting":true,"audioPlay":false,"sceneViewState":{"showFog":true,"showMaterialUpdate":false,"showSkybox":true,"showFlares":true,"showImageEffects":true,"showParticleSystems":true},"in2DMode":false,"pivot":{"x":1.0113162994384766,"y":4.451655387878418,"z":-8.787322044372559},"rotation":{"x":0.14648328721523286,"y":-0.48994022607803347,"z":0.08431515097618103,"w":0.8553793430328369},"size":20.903785705566408,"orthographic":false}