{"cameraMode":{"drawMode":0,"name":"Shaded","section":"Shading Mode"},"sceneLighting":false,"audioPlay":false,"sceneViewState":{"showFog":true,"showMaterialUpdate":false,"showSkybox":true,"showFlares":true,"showImageEffects":true,"showParticleSystems":true},"in2DMode":false,"pivot":{"x":23.263103485107423,"y":10.907833099365235,"z":12.879836082458496},"rotation":{"x":0.18649089336395265,"y":-0.5509955883026123,"z":0.12829835712909699,"w":0.803403377532959},"size":15.09365177154541,"orthographic":false}