{"cameraMode":{"drawMode":0,"name":"Shaded","section":"Shading Mode"},"sceneLighting":false,"audioPlay":false,"sceneViewState":{"showFog":true,"showMaterialUpdate":false,"showSkybox":true,"showFlares":true,"showImageEffects":true,"showParticleSystems":true},"in2DMode":false,"pivot":{"x":31.52232551574707,"y":12.596211433410645,"z":8.058757781982422},"rotation":{"x":0.12723182141780854,"y":-0.7270616888999939,"z":0.14067742228507996,"w":0.6600680351257324},"size":0.8043095469474793,"orthographic":false}