{"cameraMode":{"drawMode":0,"name":"Shaded","section":"Shading Mode"},"sceneLighting":false,"audioPlay":false,"sceneViewState":{"showFog":true,"showMaterialUpdate":false,"showSkybox":true,"showFlares":true,"showImageEffects":true,"showParticleSystems":true},"in2DMode":false,"pivot":{"x":14.767741203308106,"y":8.389460563659668,"z":3.9739346504211427},"rotation":{"x":0.2685249447822571,"y":-0.586504340171814,"z":0.21529090404510499,"w":0.7333763837814331},"size":12.678686141967774,"orthographic":false}