{"cameraMode":{"drawMode":0,"name":"Shaded","section":"Shading Mode"},"sceneLighting":false,"audioPlay":false,"sceneViewState":{"showFog":true,"showMaterialUpdate":false,"showSkybox":true,"showFlares":true,"showImageEffects":true,"showParticleSystems":true},"in2DMode":false,"pivot":{"x":20.785062789916993,"y":5.187235355377197,"z":-2.5578675270080568},"rotation":{"x":0.18328556418418885,"y":-0.5961817502975464,"z":0.14256323873996736,"w":0.7687283754348755},"size":12.367773056030274,"orthographic":false}